row_id,category_slug,category_title,prompt,provider,model_id,thinking_level,max_turns,sdk_package,label
garden_gate_01,garden_gate,Garden gate,"A single-leaf garden gate mounted between two square posts. A rectangular frame with vertical pickets hangs from one post on two strap hinges and closes against the opposite post with a thumb-latch assembly. The leaf swings on a vertical revolute axis at the hinge barrels, and the latch thumb piece rotates on a small transverse revolute pin in the latch housing.",openai,gpt-5.4,high,50,sdk,Garden Gate Single Latch
garden_gate_02,garden_gate,Garden gate,"A double-leaf garden gate with two framed leaves meeting at the center between side posts. Each leaf has perimeter rails and sparse infill, with hinges at the outer posts and a center latch area where one leaf carries a drop bolt into the ground. Each leaf rotates on its own vertical revolute hinge axis, and the drop bolt slides prismatically in its guide tubes.",openai,gpt-5.4,high,50,sdk,Garden Gate Double Cane Bolt
glasses_01,glasses,Glasses,"A pair of rectangular eyeglasses. The front frame has two lens rims joined by a bridge, and each outer corner carries a slender temple arm through a compact hinge block. The two temple arms fold inward on separate revolute hinge axes at the frame edges.",openai,gpt-5.4,high,50,sdk,Glasses Rectangular Temples
glasses_02,glasses,Glasses,"A pair of round wire-rim glasses with slightly curved temple arms and small nose-pad brackets. The front frame is a rigid bridge and rim assembly, and each temple is attached at the outer rim by a knuckle hinge. Each temple arm rotates on its own revolute hinge axis so the pair can fold flat.",openai,gpt-5.4,high,50,sdk,Glasses Round Wire
globe_01,globe,Globe,"A desktop world globe on a tilted meridian ring and round base. The sphere is supported between two polar pivots inside the meridian, and the meridian is carried by a yoke rising from the base. The globe spins on a polar revolute axis between the pivots, and the meridian rotates on a second revolute axis through the side supports.",openai,gpt-5.4,high,50,sdk,Globe Desktop Meridian
globe_02,globe,Globe,"A classroom globe on a pedestal stand with a full circular meridian. The sphere sits between top and bottom trunnions inside the ring, and the ring is held by a forked support from the base. The sphere rotates about its north-south revolute axis, and the meridian tilts on a horizontal revolute axis at the fork.",openai,gpt-5.4,high,50,sdk,Globe Pedestal Fork
glove_compartment_door_01,glove_compartment_door,Glove compartment door,"An automotive glove compartment integrated into a simple dashboard opening. A storage bin sits behind the opening, and a rectangular door hangs from the lower edge with a small push-button latch on the face. The door rotates downward on a lower revolute hinge axis, and the latch button moves as a short prismatic plunger into the door.",openai,gpt-5.4,high,50,sdk,Glove Door Push Release
glove_compartment_door_02,glove_compartment_door,Glove compartment door,"A passenger-side glove box with a curved outer door and an inner storage tub. The tub is fixed in the dashboard, while the door is carried by hinge arms near the lower corners and has a pull handle with a latch release. The door swings on a lower revolute axis at the hinge arms, and the latch release rotates on a small pivot inside the handle.",openai,gpt-5.4,high,50,sdk,Glove Door Side Arms
graphics_card_with_cooling_fans_01,graphics_card_with_cooling_fans,Graphics card with cooling fans,"A dual-slot desktop graphics card. A long PCB carries a shrouded heatsink and two axial fans on the front face, with an I/O bracket at one short end. Each fan rotor is supported in its own circular frame and rotates continuously about a central revolute axis normal to the card face.",openai,gpt-5.4,high,50,sdk,GPU Dual Fan
graphics_card_with_cooling_fans_02,graphics_card_with_cooling_fans,Graphics card with cooling fans,A large triple-fan graphics card with a rigid backplate and an angled outer shroud. The flat card body supports three evenly spaced fan openings over the heatsink stack and a bracket plate at one end. Each of the three fan rotors spins on its own axial revolute joint within the shroud.,openai,gpt-5.4,high,50,sdk,GPU Triple Fan
grill_with_hinged_lid_01,grill_with_hinged_lid,Grill with hinged lid,"A kettle-style charcoal grill on a small wheeled stand. A round lower bowl sits in a tubular frame, a domed lid is hinged at the rear, and a circular vent damper plate sits on top of the lid. The lid rotates upward on a rear revolute hinge axis, the two transport wheels spin on their axle, and the vent damper rotates on its center fastener above the lid.",openai,gpt-5.4,high,50,sdk,Grill Kettle Vent
grill_with_hinged_lid_02,grill_with_hinged_lid,Grill with hinged lid,"A barrel-style outdoor grill with a cart frame and side shelf. The lower half of the cooking chamber is fixed to the cart, the upper half forms the lid on a rear hinge line, and a side butterfly damper is mounted on a short shaft through the chamber wall. The lid swings on a rear longitudinal revolute axis, the cart wheels rotate on their axle, and the damper rotates on its small revolute shaft at the chamber side.",openai,gpt-5.4,high,50,sdk,Grill Barrel Damper
hand_truck_dolly_01,hand_truck_dolly,Hand truck dolly,"A stair-climber hand truck with an upright tubular frame and a toe plate. Each lower corner carries a triangular three-wheel cluster on a hub, so the frame rides on paired wheel assemblies rather than single wheels. Every wheel spins on its own axle within the cluster, and each cluster rotates on a larger revolute hub at the frame.",openai,gpt-5.4,high,50,sdk,Hand Truck Stair Climber
hand_truck_dolly_02,hand_truck_dolly,Hand truck dolly,"A convertible hand truck with a main frame, two large rear wheels, a primary nose plate, and a fold-out secondary toe section under the front edge. The extension plate nests below the main plate and is supported by side hinge ears. The two wheels rotate on their axle, and the secondary toe section folds on a transverse revolute hinge under the main plate.",openai,gpt-5.4,high,50,sdk,Hand Truck Convertible
hinged_window_or_hatch_01,hinged_window_or_hatch,Hinged window or hatch,"A top-hinged awning window in a rectangular outer frame. A glazed sash sits inside the frame on upper hinges and carries a small latch handle on the lower rail. The sash rotates outward on a horizontal upper revolute axis, and the latch handle rotates on its own small pivot at the sash edge.",openai,gpt-5.4,high,50,sdk,Hatch Awning Latch
hinged_window_or_hatch_02,hinged_window_or_hatch,Hinged window or hatch,"A marine deck hatch with a raised curb frame and a slightly domed lid. The lid overlaps the fixed frame on a rear hinge line, and two latch dogs sit near the front corners to clamp the lid shut. The lid lifts on a rear revolute hinge axis, and each latch dog rotates on a short local revolute pin at the front edge.",openai,gpt-5.4,high,50,sdk,Hatch Marine Dogs
hingeddoor_cabinet_01,hingeddoor_cabinet,Hinged-door cabinet,"A small wall cabinet with two side-hinged front doors. A rectangular box body with shelves supports one door from each outer side panel, and each door carries a pull at its free edge. The two doors rotate on separate vertical revolute hinge axes at the cabinet sides.",openai,gpt-5.4,high,50,sdk,Cabinet Double Doors
hingeddoor_cabinet_02,hingeddoor_cabinet,Hinged-door cabinet,"A tall utility cabinet with a single full-height door. The carcass is a rectangular enclosure on short feet, and the door panel is attached to one side wall through exposed hinges with a latch handle at the opposite edge. The door swings on a vertical revolute hinge axis, and the latch handle rotates on its own pivot in the door face.",openai,gpt-5.4,high,50,sdk,Cabinet Single Door
instrument_case_with_hinged_lid_01,instrument_case_with_hinged_lid,Instrument case with hinged lid,"A hard-shell violin case with a clamshell body. A shallow lower shell holds the cavity and a matching upper shell forms the lid, with toggle latches spaced along the front edge and a handle between them. The lid rotates on a long rear revolute hinge axis, and each front latch rotates on its own small pivot to hook and release the lid.",openai,gpt-5.4,high,50,sdk,Instrument Case Violin
instrument_case_with_hinged_lid_02,instrument_case_with_hinged_lid,Instrument case with hinged lid,"A rectangular hard equipment case for a compact instrument. The lower shell is a rounded box with a flat front face, the upper shell forms the lid on a back hinge line, and two snap latches sit along the front edge. The lid swings on a rear revolute axis, and the latch arms rotate on short local pivots at the case front.",openai,gpt-5.4,high,50,sdk,Instrument Case Equipment
internet_router_01,internet_router,Internet Router,"A desktop Wi-Fi router with four external antennas. A low rectangular housing carries four antenna stalks on hinge bases along the rear edge, and a small reset or pairing button is recessed into the body. Each antenna tilts on its own revolute root hinge, and the button moves as a short prismatic plunger into the housing.",openai,gpt-5.4,high,50,sdk,Router Four Antenna
internet_router_02,internet_router,Internet Router,"A flat home router with two fold-out paddle antennas and a small rocker power switch. The main body is a rounded rectangular slab, the antennas mount on short hinge pods at the back edge, and the switch is set into a side recess. The two antennas rotate on horizontal root hinges, and the rocker switch rotates on a local transverse pivot in the side wall.",openai,gpt-5.4,high,50,sdk,Router Paddle Switch
jet_engine_01,jet_engine,Jet Engine,"A turbofan jet engine nacelle on a short display stand. A cylindrical nacelle encloses a central spinner, a front fan stage, and a rear exhaust cone aligned on the same centerline. The fan rotor spins continuously about the main longitudinal revolute axis inside the intake.",openai,gpt-5.4,high,50,sdk,Jet Engine Turbofan
jet_engine_02,jet_engine,Jet Engine,"A compact turbojet engine module with an intake lip, cylindrical core body, and conical exhaust nozzle. The outer casing is supported by front struts around a visible compressor rotor near the intake. The visible rotor rotates continuously about the engine centerline revolute axis.",openai,gpt-5.4,high,50,sdk,Jet Engine Turbojet
keyboard_01,keyboard,Keyboard,"A compact mechanical keyboard with a rotary volume knob at one corner. A shallow rectangular case supports a grid of keycaps and the corner knob on the top plate. Every keycap is a short vertical prismatic slider into its switch opening, and the knob rotates about a front-to-back revolute axis through the case corner.",openai,gpt-5.4,high,50,sdk,Keyboard Compact Knob
keyboard_02,keyboard,Keyboard,"A full-size office keyboard with a main typing block, a numeric keypad, and flip-out rear feet under the back edge. The broad housing carries stepped key rows on the top plate and two folding support feet recessed underneath. The keys move as short prismatic plungers normal to the case top, and each rear foot rotates on a small revolute hinge at the underside of the housing.",openai,gpt-5.4,high,50,sdk,Keyboard Full Fold Feet
kick_scooter_01,kick_scooter,Kick scooter,"A folding commuter kick scooter with a narrow deck and upright handlebar stem. The front wheel sits in a steerable fork, the rear wheel mounts under the deck tail, and the stem is connected to the deck nose by a folding hinge block. The two wheels rotate on their axles, the front fork steers on a vertical revolute axis at the head tube, and the stem folds on a transverse revolute hinge near the deck.",openai,gpt-5.4,high,50,sdk,Kick Scooter Folding
kick_scooter_02,kick_scooter,Kick scooter,"A rigid kick scooter with a long deck, a T-bar handle, and a rear fender brake above the back wheel. The front wheel is carried by a fork and steering column, while the rear wheel sits at the tail under the springy brake fender. The wheels spin on their axles, the front fork yaws on a vertical steering revolute axis, and the brake fender rotates downward on a hinge at the rear deck.",openai,gpt-5.4,high,50,sdk,Kick Scooter Brake Fender
knee_scooter_01,knee_scooter,Knee scooter,"A medical knee scooter with a padded knee platform and bicycle-style handlebars. A lower frame carries four small wheels, with the front pair in a steerable fork assembly and the rear pair on fixed supports under the frame. The four wheels rotate on their axles, and the front steering assembly yaws on a vertical revolute axis at the head tube.",openai,gpt-5.4,high,50,sdk,Knee Scooter Steering
knee_scooter_02,knee_scooter,Knee scooter,"A compact knee scooter with a central frame, a knee pad platform, and a front steering column with brake levers on the handlebar. Two rear wheels sit on fixed supports and two front wheels are carried by the steering fork. The four wheels spin on their axles, the fork steers about a vertical revolute axis, and each brake lever rotates on a small pivot at the handlebar.",openai,gpt-5.4,high,50,sdk,Knee Scooter Brake Levers
laptop_clamshell_01,laptop_clamshell,Laptop clamshell,"A thin laptop computer in clamshell form. A flat base contains the keyboard deck and touchpad, and a thin display lid is attached along the rear edge by two compact hinges. The lid rotates on the rear revolute hinge axis, and the keyboard keys move as short prismatic plungers into the top deck.",openai,gpt-5.4,high,50,sdk,Laptop Thin Keys
laptop_clamshell_02,laptop_clamshell,Laptop clamshell,"A rugged laptop with a thick lower chassis and a reinforced display housing. The base carries a keyboard and a large clickpad, and the screen panel is joined to the rear spine by a pair of hinges. The display lid swings on the rear revolute axis, the keyboard keys move as short vertical prismatic sliders, and the clickpad front edge rocks on a shallow local pivot for click motion.",openai,gpt-5.4,high,50,sdk,Laptop Rugged Clickpad
lazy_susan_01,lazy_susan,Lazy Susan,A round tabletop lazy Susan serving tray. A circular upper tray sits above a slightly smaller base on a central bearing stack with a visible shadow gap between the two discs. The upper tray rotates continuously about the vertical center revolute axis relative to the base.,openai,gpt-5.4,high,50,sdk,Lazy Susan Tabletop
lazy_susan_02,lazy_susan,Lazy Susan,"A corner-cabinet lazy Susan with two round shelves on a central post. The post is anchored between a base plate and a top support, and the shelves are fixed to the rotating center shaft. The shelf assembly rotates about the vertical revolute axis of the central shaft relative to the cabinet base.",openai,gpt-5.4,high,50,sdk,Lazy Susan Cabinet
lighthouse_with_rotating_beacon_assembly_01,lighthouse_with_rotating_beacon_assembly,Lighthouse with rotating beacon assembly,"A lighthouse lantern assembly with a cylindrical glass enclosure on a tapered tower top. Inside the lantern room, a central vertical shaft carries a beacon frame with lamp and reflector elements. The beacon carriage rotates continuously about the vertical shaft revolute axis inside the enclosure.",openai,gpt-5.4,high,50,sdk,Lighthouse Beacon Carriage
lighthouse_with_rotating_beacon_assembly_02,lighthouse_with_rotating_beacon_assembly,Lighthouse with rotating beacon assembly,A squat harbor lighthouse with a polygonal lantern room and roof cap. The lantern enclosure surrounds a central pedestal that supports a multi-panel rotating light head. The light head spins continuously on a central vertical revolute axis within the lantern room.,openai,gpt-5.4,high,50,sdk,Lighthouse Beacon Polygonal
lounge_chair_with_independent_backrest_and_footrest_01,lounge_chair_with_independent_backrest_and_footrest,Lounge chair with independent backrest and footrest,"A reclining lounge chair with a fixed seat base, a hinged backrest, and a separate footrest panel. The seat sits on a low support frame, the backrest is attached near the rear side pivots, and the footrest is attached at the front edge on its own hinges. The backrest rotates on a transverse revolute axis at the seat rear, and the footrest rotates independently on a second transverse revolute axis at the seat front.",openai,gpt-5.4,high,50,sdk,Lounge Chair Recliner
lounge_chair_with_independent_backrest_and_footrest_02,lounge_chair_with_independent_backrest_and_footrest,Lounge chair with independent backrest and footrest,"A padded chaise-style recliner with broad side arms, a separate back panel, and a long leg-rest panel. The base frame is fixed, the backrest is mounted between the side arms near the seat rear, and the leg-rest panel is mounted near the front edge with its own hinge pair. The backrest pivots on a transverse revolute axis behind the seat, and the leg-rest pivots independently on a second transverse revolute axis at the front.",openai,gpt-5.4,high,50,sdk,Lounge Chair Chaise
louvered_shutter_assembly_01,louvered_shutter_assembly,Louvered shutter assembly,"A rectangular louvered shutter panel. Two side stiles hold a stack of narrow slats, with each slat supported near its ends by pivot pins through the side rails. Every slat rotates on its own longitudinal revolute axis between the side supports.",openai,gpt-5.4,high,50,sdk,Shutter Narrow Louvers
louvered_shutter_assembly_02,louvered_shutter_assembly,Louvered shutter assembly,A plantation-style shutter with a rigid outer frame and several wide louvers. The rectangular frame carries the louvers between the side members with visible end pivots and small gaps between adjacent blades. Each louver rotates independently on its long-axis revolute pivots at the frame sides.,openai,gpt-5.4,high,50,sdk,Shutter Wide Louvers
mailbox_with_front_access_door_01,mailbox_with_front_access_door,Mailbox with front access door,"A curbside mailbox with a rounded top and a front access door. The main box body is fixed to a post, the curved front door closes the mail opening, and a signal flag is mounted on one side wall. The front door rotates on a lower-edge revolute hinge axis, and the flag rotates on its own side-mounted revolute pivot.",openai,gpt-5.4,high,50,sdk,Mailbox Curbside Flag
mailbox_with_front_access_door_02,mailbox_with_front_access_door,Mailbox with front access door,"A wall-mounted mailbox with a boxy housing and a flat front door. The rectangular body has a back plate for mounting, and the front door includes a small cam lock near one corner. The door swings on a lower-edge revolute hinge, and the lock cam rotates on a short front-to-back revolute axis in the door.",openai,gpt-5.4,high,50,sdk,Mailbox Wall Lock
microwave_oven_01,microwave_oven,Microwave oven,"A countertop microwave oven with a side-hinged front door and two rotary dials. A rectangular housing encloses the cavity and supports the door on one side, while a glass turntable sits on a support ring inside the chamber. The door rotates on a vertical revolute hinge axis, the two control dials rotate about front-to-back axes in the control panel, and the turntable rotates on a vertical axis inside the cavity.",openai,gpt-5.4,high,50,sdk,Microwave Dial Turntable
microwave_oven_02,microwave_oven,Microwave oven,"A compact microwave with a glass-front door, a push-button control strip, and a circular turntable inside. The boxy body holds the cavity and side-hinged door, while the buttons sit in a vertical panel beside the opening. The door swings on a vertical revolute axis, the buttons move as short prismatic plungers into the control panel, and the turntable rotates on a vertical axis at the cavity floor.",openai,gpt-5.4,high,50,sdk,Microwave Buttons Turntable
missile_launcher_01,missile_launcher,Missile launcher,"A pedestal-mounted missile launcher with a boxy launch pod. A fixed base supports a yaw turntable, which carries a tilting cradle with the rectangular canister pack mounted on top. The launcher yaws about a vertical revolute axis at the base and pitches on a horizontal revolute axis at the cradle sides.",openai,gpt-5.4,high,50,sdk,Missile Launcher Pod
missile_launcher_02,missile_launcher,Missile launcher,"A truck-bed style missile launcher module without the vehicle. A rectangular base frame carries a slewing ring and an elevation arm that supports a bank of cylindrical launch tubes. The base rotates on a vertical revolute axis for azimuth, and the tube bank elevates on a transverse revolute axis where the arm meets the cradle.",openai,gpt-5.4,high,50,sdk,Missile Launcher Tubes
miter_saw_arm_assembly_01,miter_saw_arm_assembly,Miter saw arm assembly,"A bench miter saw arm assembly with a turntable base and a guarded circular blade. The flat base supports a rotating table and fence, while a rear pivot yoke carries the swing arm, blade spindle, and lower blade guard. The saw head pitches downward on a transverse revolute axis at the rear yoke, the table yaws on a vertical revolute axis at the base center, the blade spins on its spindle axis, and the lower guard rotates on a small local hinge around the blade housing.",openai,gpt-5.4,high,50,sdk,Miter Saw Basic
miter_saw_arm_assembly_02,miter_saw_arm_assembly,Miter saw arm assembly,"A sliding compound miter saw assembly with twin horizontal rails. The base carries a turntable and fence, the saw head rides on a carriage along the rails, and the blade sits inside a guarded motor housing. The saw head pitches on a transverse revolute axis at the carriage, the carriage slides prismatically along the rail axis, the turntable yaws on a vertical revolute axis at the base, and the blade spins about its spindle axis.",openai,gpt-5.4,high,50,sdk,Miter Saw Sliding
motherboard_01,motherboard,Motherboard,"A desktop computer motherboard with a large CPU socket, long expansion slots, and a bank of memory slots. The rigid PCB carries heatsink blocks and connector walls, while the socket lever, memory-slot latches, and expansion-slot retention clip are mounted directly to their respective connectors. The CPU socket lever rotates on a small revolute pivot at the socket edge, each memory-slot latch rotates on its own tiny hinge at the slot end, and the expansion-slot clip rotates on a short pivot at the slot tail.",openai,gpt-5.4,high,50,sdk,Motherboard ATX Latches
motherboard_02,motherboard,Motherboard,"A compact mini-ITX motherboard with one main expansion slot and two memory slots. The flat populated board includes a CPU socket retention arm, small slot latches, and a connector-release clip near the board edge. The socket arm rotates on its hinge pin at the socket frame, and each latch or retention clip rotates on its own local revolute pivot at the connector it serves.",openai,gpt-5.4,high,50,sdk,Motherboard Mini Retention
observation_wheel_01,observation_wheel,Observation wheel,"A ferris-wheel style observation wheel on an A-frame support. A large circular rim with spoke members is carried by side towers, and small gondolas hang from pivots around the rim. The wheel rotates on a central horizontal revolute axis, and each gondola pivots on its own hanger revolute axis so it can remain upright.",openai,gpt-5.4,high,50,sdk,Observation Wheel Classic
observation_wheel_02,observation_wheel,Observation wheel,"A modern observation wheel with a broad hub, a slender rim, and enclosed capsule cabins mounted outside the rim. The wheel is supported by inclined legs and a central axle structure, and each capsule is attached through a short hanger arm. The main wheel spins on its central horizontal revolute axis, and each capsule rotates on its own hanger pivot.",openai,gpt-5.4,high,50,sdk,Observation Wheel Modern
office_chair_01,office_chair,Office chair,"A five-star task chair with casters, a central gas column, a seat, and a reclining backrest. The wheeled base supports the seat through the center column, and the backrest is attached to the rear of the seat mechanism. Each caster wheel rotates on its axle, each caster fork swivels on a vertical pivot at the base spoke, the seat and back rotate together on a vertical revolute axis around the center column, the center column slides prismatically for height adjustment, and the backrest reclines on a transverse revolute joint near the seat rear.",openai,gpt-5.4,high,50,sdk,Office Chair Task
office_chair_02,office_chair,Office chair,"A mesh-backed office chair with a five-wheel base and separate seat and back frames. The seat is carried by a central pedestal above the star base, the back frame is hinged from the rear bracket, and the caster assemblies sit under the spoke ends. The caster wheels spin on their axles, the caster forks swivel on vertical pivots, the seat swivels about the central column, the column slides prismatically for height, and the back frame rotates on a transverse recline hinge behind the seat.",openai,gpt-5.4,high,50,sdk,Office Chair Mesh
overear_headphones_with_folding_earcups_01,overear_headphones_with_folding_earcups,Over-ear headphones with folding earcups,"A pair of over-ear headphones with a padded headband and two circular earcups. Each earcup is carried by a short yoke at the end of a headband arm, and each side includes a fold hinge above the cup mount. Each cup swivels on its yoke revolute axis for fit adjustment, and each side assembly folds inward on a second revolute hinge between the arm and yoke.",openai,gpt-5.4,high,50,sdk,Headphones Travel Fold
overear_headphones_with_folding_earcups_02,overear_headphones_with_folding_earcups,Over-ear headphones with folding earcups,"A DJ-style headphone set with thick earcups and broad fork yokes. The headband arches over the top and terminates in side forks, with each earcup suspended between fork arms and a separate fold joint above the fork. Each earcup rotates on the yoke axis within the fork, and each side folds on an additional revolute hinge at the headband end.",openai,gpt-5.4,high,50,sdk,Headphones DJ Swivel
overshot_waterwheel_01,overshot_waterwheel,Overshot waterwheel,"An overshot waterwheel on a simple support frame. A large spoked wheel with a ring of shallow buckets is mounted between two side supports, and a short chute sits above the rim near the top. The wheel rotates continuously about its horizontal axle revolute axis between the supports.",openai,gpt-5.4,high,50,sdk,Waterwheel Classic
overshot_waterwheel_02,overshot_waterwheel,Overshot waterwheel,A timber-framed mill waterwheel with a deep rim and evenly spaced buckets. The wheel is supported by axle blocks on either side and stands above a trough base beside the mill framing. The wheel spins continuously on a horizontal revolute axle through its hub.,openai,gpt-5.4,high,50,sdk,Waterwheel Mill
padlock_with_shackle_01,padlock_with_shackle,Padlock with shackle,"A classic keyed padlock with a rectangular body and a U-shaped shackle. One shackle leg is captive in the body as the pivot side, the other is the release side, and a key cylinder sits in the body face. The shackle rotates upward on a revolute joint at the captive leg, and the key cylinder plug rotates on its own central revolute axis in the lock body.",openai,gpt-5.4,high,50,sdk,Padlock Keyed
padlock_with_shackle_02,padlock_with_shackle,Padlock with shackle,"A combination padlock with a rectangular body, a U-shaped shackle, and a row of turning dials on the front. The shackle is retained at one leg as the captive pivot side, while the number wheels are mounted on parallel shafts through the face. The shackle rotates on a revolute joint at the captive leg, and each combination dial rotates on its own front-to-back revolute axis.",openai,gpt-5.4,high,50,sdk,Padlock Combination
palm_with_multiple_uncoupled_finger_chains_01,palm_with_multiple_uncoupled_finger_chains,Palm with multiple uncoupled finger chains,"A simplified robotic hand palm with four fingers and an opposing thumb. A rigid palm block supports separate digit bases, and each digit is built from straight phalanx-like links connected in sequence. Every knuckle joint is a revolute hinge across the finger width, with three serial joints in each finger chain and two serial joints in the thumb chain.",openai,gpt-5.4,high,50,sdk,Palm Five Digit
palm_with_multiple_uncoupled_finger_chains_02,palm_with_multiple_uncoupled_finger_chains,Palm with multiple uncoupled finger chains,"A mechanical palm plate with four uncoupled finger chains for an anthropomorphic gripper. The broad palm plate carries four forward finger roots and a side-mounted thumb chain, and each chain is a stack of rigid link segments. Each chain uses serial transverse revolute joints between successive links, with the finger chains and thumb moving independently of one another.",openai,gpt-5.4,high,50,sdk,Palm Four Finger Plate
paper_cutter_guillotine_01,paper_cutter_guillotine,Paper cutter guillotine,"A desktop guillotine paper cutter with a rectangular cutting bed and a long blade arm. The base carries a fence, the blade arm is attached at one rear corner through a pivot bracket, and a front hold-down bar sits on short guides near the cut line. The blade arm rotates on a rear-corner revolute hinge, and the hold-down bar moves as a short vertical prismatic slider on its guides.",openai,gpt-5.4,high,50,sdk,Paper Cutter Clamp
paper_cutter_guillotine_02,paper_cutter_guillotine,Paper cutter guillotine,"A heavy office paper cutter with a long straight blade arm and an adjustable paper stop. The base is a flat alignment bed with a fence, the blade arm is mounted through a robust corner pivot, and the paper stop rides along a guide near the fence edge. The arm swings on a revolute joint at the base corner, and the paper stop slides prismatically along its guide rail.",openai,gpt-5.4,high,50,sdk,Paper Cutter Stop Guide
parabolic_dish_on_azimuth_elevation_mount_01,parabolic_dish_on_azimuth_elevation_mount,Parabolic dish on azimuth-elevation mount,"A satellite communication dish on a pedestal azimuth-elevation mount. A parabolic reflector sits on a rear support frame with a feed arm reaching to the dish center, and the reflector frame is attached to a yoke on top of a rotating pedestal. The pedestal yaws on a vertical revolute axis, and the dish elevates on a horizontal revolute axis through the yoke sides.",openai,gpt-5.4,high,50,sdk,Dish Pedestal
parabolic_dish_on_azimuth_elevation_mount_02,parabolic_dish_on_azimuth_elevation_mount,Parabolic dish on azimuth-elevation mount,"A ground-mounted tracking dish with a deep reflector and a rear truss support. The base is a short column with a turntable, and a side yoke carries the dish frame and feed assembly. The azimuth stage rotates on a vertical revolute axis at the column top, and the elevation stage rotates on a transverse revolute axis where the yoke holds the dish.",openai,gpt-5.4,high,50,sdk,Dish Tracker
pet_door_flap_01,pet_door_flap,Pet door flap,"A small pet door insert with a rectangular frame and a hinged flap. The outer frame mounts in an opening, the thin flap panel hangs from the top edge, and two small lock sliders sit in side tracks below the flap. The flap swings on a horizontal upper revolute axis, and the lock sliders move prismatically in their side channels.",openai,gpt-5.4,high,50,sdk,Pet Door Lock Sliders
pet_door_flap_02,pet_door_flap,Pet door flap,"A larger insulated pet flap with a thick outer frame and a clear central door panel. The flap is supported near its upper corners by pivot pins inside the frame hood, and a latch tab is mounted at the lower edge. The flap rotates on a horizontal top revolute axis, and the latch tab rotates on a small local pivot at the flap edge.",openai,gpt-5.4,high,50,sdk,Pet Door Hooded
pickup_tailgate_01,pickup_tailgate,Pickup tailgate,"A pickup truck tailgate without the rest of the truck body. A wide rectangular tailgate panel fits between short bed-side stubs, with hinge hardware at the bottom corners and a latch handle band across the upper outer face. The tailgate rotates downward on a lower transverse revolute axis, and the latch handle rotates on its own pivot in the tailgate skin.",openai,gpt-5.4,high,50,sdk,Pickup Tailgate Handle
pickup_tailgate_02,pickup_tailgate,Pickup tailgate,"A modern pickup tailgate with an integrated fold-out step panel. The main tailgate is attached between simplified bed-side supports on lower corner hinges, and a smaller step panel is nested inside the inner face with its own hinge and release handle. The main tailgate rotates on a lower transverse revolute axis, the inner step panel folds on its own revolute hinge, and the step release handle rotates on a small local pivot.",openai,gpt-5.4,high,50,sdk,Pickup Tailgate Step
platform_cart_01,platform_cart,Platform cart,"A warehouse platform cart with a flat deck and four caster wheels. The low rectangular deck sits above corner caster mounts, and a push handle rises from one short end. Each caster wheel rotates on its axle, and each caster fork swivels on a vertical revolute pivot under the deck.",openai,gpt-5.4,high,50,sdk,Platform Cart Warehouse
platform_cart_02,platform_cart,Platform cart,"A fold-handle platform trolley with a steel deck and four small caster assemblies. The rear handle is attached to the deck by side hinges so it can lie flat, and the caster mounts sit near the deck corners underneath. The handle folds on aligned revolute hinges at the deck edge, each wheel rotates on its axle, and each caster fork swivels about its vertical pivot.",openai,gpt-5.4,high,50,sdk,Platform Cart Fold Handle
playground_swing_01,playground_swing,Playground swing,A single-seat playground swing on an A-frame support. Two side frames and a top crossbeam support a belt seat suspended by two rigid hanger links. The seat assembly hangs from two top revolute joints at the crossbeam and swings in a vertical plane as a pendulum.,openai,gpt-5.4,high,50,sdk,Playground Swing Belt
playground_swing_02,playground_swing,Playground swing,"A tire-style playground swing suspended from a gantry frame. A horizontal top beam spans between side supports, and a circular tire seat hangs below on three rigid hanger links attached around the seat. The hanger links rotate on their top revolute supports at the beam so the tire assembly can swing beneath the frame.",openai,gpt-5.4,high,50,sdk,Playground Swing Tire
pump_bottle_01,pump_bottle,Pump bottle,"A soap dispenser pump bottle with a cylindrical body and a top pump assembly. The fixed bottle neck carries a collar, a vertical plunger stem, and a short spout head at the top. The plunger moves as a vertical prismatic slider into the collar, and the spout head rotates about the stem axis.",openai,gpt-5.4,high,50,sdk,Pump Bottle Soap
pump_bottle_02,pump_bottle,Pump bottle,"A lotion pump bottle with a square-shouldered container and a lockable pump head. The bottle body is fixed, while the neck supports a telescoping plunger and a nozzle head with a twist-lock style cap geometry. The plunger translates prismatically along the bottle axis, and the nozzle head rotates on the stem axis at the top of the pump.",openai,gpt-5.4,high,50,sdk,Pump Bottle Lotion
refrigerator_with_hinged_doors_01,refrigerator_with_hinged_doors,Refrigerator with hinged doors,"A top-freezer refrigerator with separate upper and lower doors. A tall cabinet body supports a smaller freezer door above and a larger fresh-food door below, each mounted to the same side of the case. The two doors rotate on parallel vertical revolute hinge axes along the cabinet side.",openai,gpt-5.4,high,50,sdk,Fridge Top Freezer
refrigerator_with_hinged_doors_02,refrigerator_with_hinged_doors,Refrigerator with hinged doors,"A side-by-side refrigerator with two full-height doors and a dispenser paddle on the freezer door. The wide cabinet is split down the center, with left and right doors meeting at the middle seam and a small paddle mounted in the dispenser recess. Each door swings on its own vertical revolute hinge axis, and the dispenser paddle rocks on a small local revolute pivot in the door recess.",openai,gpt-5.4,high,50,sdk,Fridge Side By Side Dispenser
remote_weapon_station_01,remote_weapon_station,Remote weapon station,"A compact remote weapon station on a low pedestal. A rotating base supports an elevation cradle with a boxy sensor unit on one side and a machine-gun-like barrel assembly on the other, all framed by armored side plates. The base yaws on a vertical revolute axis, and the weapon cradle pitches on a horizontal revolute axis between the side plates.",openai,gpt-5.4,high,50,sdk,RWS Compact
remote_weapon_station_02,remote_weapon_station,Remote weapon station,"A heavier remote weapon station with a central slewing ring, shield plates, and a launcher or gun mounted in an elevated cradle. The pedestal carries the azimuth stage, while the upper frame supports the weapon and sensor package between two side cheeks. The system rotates on a vertical revolute axis at the base and pitches on a transverse revolute axis at the cradle pivots.",openai,gpt-5.4,high,50,sdk,RWS Heavy
retractable_utility_knife_01,retractable_utility_knife,Retractable utility knife,"A box-cutter style retractable utility knife. A tapered handle shell contains a straight blade carrier, and a thumb slider rides in a top slot as part of the moving carrier assembly. The blade carrier translates prismatically along the handle centerline, and the thumb slider moves with it in the same slot.",openai,gpt-5.4,high,50,sdk,Utility Knife Slider
retractable_utility_knife_02,retractable_utility_knife,Retractable utility knife,"A chunky snap-off utility knife with a segmented blade and a thumb slider on top. The outer body is a straight channel shell with a nose opening for the blade, and a small lock wheel is mounted near the slider on the housing side. The blade carrier moves prismatically along the body axis, and the lock wheel rotates on a short transverse revolute axis through the shell.",openai,gpt-5.4,high,50,sdk,Utility Knife Lock Wheel
ring_light_on_stand_01,ring_light_on_stand,Ring light on stand,"A studio ring light mounted on a tripod stand. A circular light ring is carried by a tilt bracket at the top of a telescoping center mast, and the mast stands on three fold-out tripod legs. The light head tilts on a horizontal revolute axis at the bracket, the mast extends prismatically along the vertical axis, and each tripod leg folds on its own revolute hinge at the hub.",openai,gpt-5.4,high,50,sdk,Ring Light Tripod
ring_light_on_stand_02,ring_light_on_stand,Ring light on stand,"A desktop ring light on a weighted base with a telescoping mast. The circular light head is held by a small yoke at the top of the mast, and a clamp-style phone holder sits at the center of the ring. The head rotates on a horizontal revolute tilt axis at the yoke, the mast slides prismatically along the vertical axis, and the phone holder jaws move as opposed short prismatic sliders within the clamp frame.",openai,gpt-5.4,high,50,sdk,Ring Light Desktop
